"id_conseil","id_v1"
"1","2"
"3","4"
"4","5"
"5","6"
"6","7"
"7","8"
"8","9"
"9","10"
"10","11"
"11","12"
"12","13"
"13","14"
"14","16"
"15","17"
"16","18"
"17","19"
"18","20"
"19","21"
"20","22"
"21","23"
"22","24"
"23","25"
"24","26"
"25","27"
"26","28"
"27","29"
"28","30"
"29","196"
"30","194"
"31","34"
"32","35"
"33","36"
"34","37"
"35","38"
"36","39"
"37","40"
"38","41"
"39","42"
"40","43"
"41","44"
"42","45"
"43","46"
"44","47"
"45","48"
"46","49"
"47","50"
"48","51"
"49","52"
"50","53"
"51","54"
"52","55"
"53","56"
"54","57"
"55","58"
"56","59"
"57","60"
"58","61"
"59","62"
"60","63"
"61","64"
"62","65"
"63","66"
"64","67"
"65","68"
"66","69"
"67","70"
"68","71"
"69","72"
"70","73"
"71","74"
"73","76"
"74","77"
"75","78"
"76","79"
"77","80"
"78","81"
"79","82"
"80","83"
"81","84"
"82","85"
"83","86"
"84","87"
"85","88"
"86","89"
"87","90"
"88","91"
"89","92"
"90","93"
"91","94"
"92","95"
"93","96"
"94","97"
"95","195"
"96","99"
"97","100"
"98","101"
"99","102"
"100","103"
"101","104"
"102","105"
"103","106"
"104","107"
"105","108"
"106","109"
"107","110"
"108","111"
"109","112"
"110","113"
"111","114"
"112","115"
"113","116"
"115","118"
"116","119"
"117","120"
"118","121"
"119","122"
"120","123"
"121","124"
"122","125"
"123","126"
"124","127"
"125","128"
"126","129"
"127","130"
"128","131"
"129","132"
"130","133"
"131","134"
"132","135"
"133","136"
"134","137"
"135","138"
"136","139"
"137","140"
"138","141"
"139","142"
"140","143"
"141","144"
"142","145"
"143","146"
"144","147"
"145","148"
"146","149"
"147","190"
"148","191"
"149","192"
"150","152"
"151","153"
"152","154"
"153","155"
"154","156"
"155","157"
"156","158"
"157","159"
"158","160"
"159","161"
"160","162"
"161","163"
"162","164"
"163","165"
"164","166"
"165","167"
"166","168"
"167","169"
"168","170"
"169","171"
"170","172"
"171","173"
"172","174"
"173","175"
"174","176"
"175","177"
"176","178"
"177","179"
"178","180"
"179","181"
"180","182"
"181","183"
"182","184"
"183","185"
"184","186"
"185","187"
"186","188"
"187","189"
"188","193"
"189","197"
"190","198"
"191","199"
"192","200"
"193","201"
"194","202"
"195","203"
"196","204"
"197","205"
"198","206"
"199","207"
"200","208"
"201","209"
"202","210"
"203","211"
"204","212"
"205","213"
"206","214"
"207","215"
"208","216"
"209","217"
"210","218"
"211","219"
"212","220"
"213","221"
"214","222"
"215","223"
"216","224"
"217","227"
"218","226"
"219","228"
"220","229"
"221","230"
"222","231"
"223","232"
"224","233"
"225","234"
"226","235"
"227","236"
"228","237"
"229","238"
"230","239"
"231","240"
"232","241"
"233","242"
"234","243"
"235","244"
"236","245"
"237","246"
"238","247"
"239","248"
"240","249"
"241","250"
"242","251"
"243","252"
"244","253"
"245","254"
"246","255"
"247","256"
"248","257"
"249","258"
"250","259"
"251","260"
"252","261"
"253","262"
"254","263"
"255","264"
"256","265"
"257","266"
"258","267"
"259","268"
"260","269"
"261","270"
"262","271"
"263","272"
"264","273"
"265","274"
"266","275"
"267","276"
"268","277"
"269","278"
"270","279"
"271","280"
"272","281"
"273","282"
"274","283"
"275","284"
"276","285"
"277","286"
"278","287"
"279","288"
"280","289"
"281","290"
"282","291"
"283","292"
"284","293"
"285","294"
"286","295"
"287","296"
"288","297"
"289","298"
"290","299"
"291","300"
"292","301"
"293","302"
"294","303"
"295","304"
"296","305"
"297","306"
"298","307"
"299","308"
"300","309"
"301","310"
"302","312"
"303","311"
"304","313"
"305","314"
"306","315"
"307","316"
"308","317"
"309","318"
"310","319"
"311","320"
"312","321"
"313","322"
"314","323"
"315","324"
"316","325"
"317","326"
"318","327"
"319","328"
"320","329"
"321","330"
"322","331"
"323","332"
"324","333"
"325","334"
"326","335"
"327","336"
"328","337"
"329","338"
"330","339"
"331","340"
"332","341"
"333","342"
"334","343"
"335","344"
"336","345"
"337","346"
"338","347"
"339","348"
"340","349"
"341","350"
"342","351"
"343","352"
"344","353"
"345","354"
"346","355"
"347","356"
"348","357"
"349","358"
"350","359"
"351","360"
"352","361"
"353","362"
"354","363"
"355","364"
"356","365"
"357","366"
"358","367"
"359","368"
"360","370"
"361","371"
"362","372"
"363","373"
"364","374"
"365","375"
"366","376"
"367","377"
"368","378"
"369","379"
"370","381"
"371","382"
"372","383"
"373","384"
"374","385"
"375","386"
"376","387"
"377","388"
"378","389"
"379","390"
"380","391"
"381","392"
"382","405"
"383","394"
"384","395"
"385","396"
"386","397"
"387","398"
"388","399"
"389","400"
"390","401"
"391","404"
"392","403"
"393","406"
"394","407"
"395","408"
"396","409"
"397","410"
"398","411"
"399","412"
"400","413"
"401","414"
"402","415"
"403","416"
"404","417"
"405","418"
"406","419"
"407","420"
"408","421"
"409","422"
"410","423"
"411","424"
"412","425"
"413","426"
"414","427"
"415","428"
"416","429"
"417","430"
"418","431"
"419","432"
"420","433"
"421","434"
"422","435"
"423","436"
"424","437"
"425","438"
"426","439"
"427","440"
"428","441"
"429","442"
"430","443"
"431","444"
"432","445"
"433","446"
"434","447"
"435","448"
"436","449"
"437","450"
"438","451"
"439","452"
"440","453"
"441","454"
"442","455"
"443","456"
"444","457"
"445","458"
"446","459"
"447","460"
"448","461"
"449","462"
"450","463"
"451","464"
"452","465"
"453","466"
"454","467"
"455","468"
"456","469"
"457","470"
"458","471"
"459","472"
"460","473"
"461","474"
"462","475"
"463","476"
"464","477"
"465","478"
"466","479"
"467","480"
"468","481"
"469","482"
"470","483"
"471","484"
"472","485"
"473","486"
"474","487"
"475","488"
"476","489"
"477","490"
"478","491"
"479","492"
"480","493"
"481","494"
"482","495"
"483","496"
"484","497"
"485","498"
"486","499"
"487","500"
"488","501"
"489","502"
"490","504"
"491","503"
"492","505"
"493","506"
"494","507"
"495","508"
"496","509"
"497","510"
"498","511"
"499","512"
"500","513"
"501","514"
"502","515"
"503","516"
"504","517"
"505","518"
"506","519"
"507","520"
"508","521"
"509","522"
"510","523"
"511","524"
"512","525"
"513","526"
"514","527"
"515","528"
"516","529"
"517","530"
"518","531"
"519","532"
"520","533"
"521","534"
"522","535"
"523","536"
"524","537"
"525","538"
"526","539"
"527","540"
"528","541"
"529","542"
"530","543"
"531","544"
"532","545"
"533","546"
"534","547"
"535","548"
"536","549"
"537","550"
"538","551"
"539","552"
"540","553"
"541","554"
"542","555"
"543","556"
"544","557"
"545","558"
"546","559"
"547","560"
"548","561"
"549","562"
"550","563"
"551","564"
"552","565"
"553","566"
"554","567"
"555","568"
"556","569"
"557","570"
"558","571"
"559","572"
"560","573"
"561","574"
"562","576"
"563","575"
"564","577"
"565","578"
"566","579"
"567","580"
"568","581"
"569","582"
"570","583"
"571","605"
"572","585"
"573","586"
"574","587"
"575","588"
"576","589"
"577","590"
"578","591"
"579","592"
"580","593"
"581","594"
"582","595"
"583","596"
"584","597"
"585","598"
"586","599"
"587","600"
"588","601"
"589","602"
"590","603"
"591","604"
"592","606"
"593","607"
"594","608"
"595","609"
"596","610"
"597","611"
"598","612"
"599","613"
"600","614"
"601","615"
"602","616"
"603","617"
"604","618"
"605","619"
"606","620"
"607","621"
"608","622"
"609","623"
"610","624"
"611","625"
"612","626"
"613","627"
"614","628"
"615","629"
"616","630"
"617","631"
"618","632"
"619","633"
"620","634"
"621","635"
"622","636"
"623","637"
"624","638"
"625","639"
"626","640"
"627","641"
"628","642"
"629","643"
"630","644"
"631","645"
"632","646"
"633","647"
"634","648"
"635","649"
"636","650"
"637","651"
"638","652"
"639","653"
"640","654"
"641","655"
"642","656"
"643","657"
"644","658"
"645","659"
"646","660"
"647","661"
"648","662"
"649","663"
"650","664"
"651","665"
"652","666"
"653","667"
"654","668"
"655","671"
"656","669"
"657","670"
"658","672"
"659","673"
"660","674"
"661","675"
"662","676"
"663","677"
"664","678"
"665","679"
"666","680"
"667","681"
"668","682"
"669","683"
"670","685"
"671","686"
"672","1035"
"673","687"
"674","688"
"675","689"
"676","690"
"677","888"
"678","889"
"679","890"
"680","891"
"681","692"
"682","693"
"683","694"
"684","695"
"685","696"
"686","697"
"687","698"
"688","699"
"689","700"
"690","883"
"691","884"
"692","885"
"693","886"
"694","887"
"695","892"
"696","893"
"697","894"
"698","895"
"699","896"
"700","897"
"701","898"
"702","899"
"703","900"
"704","901"
"705","902"
"706","903"
"707","904"
"708","905"
"709","906"
"710","907"
"711","908"
"712","909"
"713","910"
"714","911"
"715","912"
"716","913"
"717","914"
"718","915"
"719","918"
"720","916"
"721","917"
"722","919"
"723","920"
"724","921"
"725","922"
"726","923"
"727","924"
"728","925"
"729","926"
"730","927"
"731","928"
"732","929"
"733","933"
"734","931"
"735","932"
"736","934"
"737","935"
"738","936"
"739","937"
"740","938"
"741","939"
"742","940"
"743","941"
"744","942"
"745","943"
"746","944"
"747","945"
"748","946"
"749","947"
"750","948"
"751","949"
"752","950"
"753","951"
"754","998"
"755","999"
"756","1000"
"757","953"
"758","954"
"759","955"
"760","956"
"761","957"
"762","958"
"763","959"
"764","960"
"765","961"
"766","962"
"767","963"
"768","964"
"769","965"
"770","966"
"771","967"
"772","968"
"773","969"
"774","970"
"775","971"
"776","972"
"777","973"
"778","974"
"779","975"
"780","976"
"781","977"
"782","978"
"783","979"
"784","980"
"785","981"
"786","982"
"787","983"
"788","984"
"789","985"
"790","986"
"791","987"
"792","988"
"793","989"
"794","990"
"795","991"
"796","992"
"797","993"
"798","994"
"799","995"
"800","996"
"801","997"
"802","1001"
"803","1002"
"804","1003"
"805","1004"
"806","1005"
"807","1006"
"808","1007"
"809","1008"
"810","1009"
"811","1010"
"812","1011"
"813","1012"
"814","1013"
"815","1014"
"816","1015"
"817","1016"
"818","1017"
"819","1018"
"820","1019"
"821","1020"
"822","1021"
"823","1022"
"824","1023"
"825","1024"
"826","1025"
"827","1026"
"828","1027"
"829","1028"
"830","1029"
"831","1030"
"832","1031"
"833","1032"
"834","1033"
"835","1034"
"836","1036"
"837","1037"
"838","1038"
"839","1039"
"840","1040"
"841","1041"
"842","1042"
"843","1043"
"844","1044"
"845","1045"
"846","1046"
"847","1047"
"848","1048"
"849","1049"
"850","1050"
"851","1051"
"852","1052"
"853","1053"
"854","1054"
"855","1055"
"856","1056"
"857","1057"
"858","1058"
"859","1059"
"860","1060"
"861","1061"
"862","1062"
"863","1063"
"864","1064"
"865","1065"
"866","1066"
"867","1067"
"868","1068"
"869","1069"
"870","1070"
"871","1071"
"872","1072"
"873","1073"
"874","1074"
"875","1075"
"876","1076"
"877","1077"
"878","1078"
"879","1079"
"880","1080"
"881","1081"
"882","1082"
"883","1083"
"884","1084"
"885","1085"
"886","1086"
"887","1087"
"888","1088"
"889","1089"
"890","1090"
"891","1091"
"892","1092"
"893","1093"
"894","1094"
"895","1095"
"896","1096"
"897","1097"
"898","1098"
"899","1099"
"900","1100"
"901","1101"
"902","1102"
"903","1103"
"904","1104"
"905","1105"
"906","1106"
"907","1107"
"908","1108"
"909","1109"
"910","1110"
"911","1111"
"912","1112"
"913","1113"
"914","1114"
"915","1115"
"916","1116"
"917","1117"
"918","1118"
"919","1119"
"920","1120"
"921","1121"
"922","1122"
"923","1123"
"924","1124"
"925","1125"
"926","1126"
"927","1127"
"928","1128"
"929","1129"
"930","1130"
"931","1131"
"932","1132"
"933","1135"
"934","1134"
"935","1136"
"936","1137"
"937","1138"
"938","1139"
"939","1140"
"940","1141"
"941","1142"
"942","1143"
"943","1144"
"944","1145"
"945","1146"
"946","1147"
"947","1148"
"948","1149"
"949","1153"
"950","1154"
"951","1155"
"952","1156"
"953","1151"
"954","1152"
"955","1157"
"956","1158"
"957","1159"
"958","1160"
"959","1161"
"960","1162"
"961","1164"
"962","1165"
"963","1166"
"964","1167"
"965","1168"
"966","1169"
"967","1170"
"968","1171"
"969","1172"
"970","1173"
"971","1174"
"972","1175"
"973","1176"
"974","1177"
"975","1178"
"976","1179"
"977","1180"
"978","1181"
"979","1182"
"980","1183"
"981","1184"
"982","1185"
"983","1186"
"984","1187"
"985","1188"
"986","1189"
"987","1190"
"988","1191"
"989","1192"
"990","1193"
